{
  "intents": [
    {
      "context_set": "",
      "patterns": [
        "good day",
        "hello",
        "hey",
        "hey i have a doubt",
        "hi",
        "i need some help",
        "is anyone there",
        "is anyone there?",
        "whats up",
        "a'ight",
        "afternoon, boss.",
        "ahoy matey how are you",
        "ahoy matey how are you?",
        "aifl batch",
        "aiml batch",
        "aiml batch 10",
        "aiml batch 11",
        "aiml batch 8",
        "aiml batch 9",
        "aloha.",
        "anyone there?",
        "appreciate it",
        "are you alright",
        "are you having a good day",
        "are you ok?",
        "are you okay",
        "asante",
        "blended",
        "bonjour!",
        "brother",
        "cheers",
        "dear friend",
        "do you feel good",
        "do you have a great day",
        "evening",
        "fist bump",
        "g'day",
        "good afternoon",
        "good afternoon.",
        "good day",
        "good day.",
        "good evening",
        "good morning",
        "greetings",
        "greetings, earthling",
        "heeyyyyyyyyyy",
        "hello",
        "hello.",
        "hey",
        "hey buddy",
        "hey man",
        "hey mister",
        "hey there",
        "hey ya",
        "hey!",
        "hey, sonny.",
        "hey, you!",
        "heyy",
        "hi",
        "hi there",
        "hi there.",
        "high five!",
        "hiya",
        "how are things going",
        "how are things with you?",
        "how are things with you",
        "how are things?",
        "how are u",
        "how are you",
        "how are you doing",
        "how are you doing this morning",
        "how are you doing today my sweet friend",
        "how are you doing?",
        "how are you feeling",
        "how are you today",
        "how are you?",
        "how do you do.",
        "how do you do?",
        "how have you been",
        "how is it going",
        "how is your day",
        "how is your day going",
        "how is your evening",
        "how was your day?",
        "how you doin",
        "how's it going",
        "how's it hanging?",
        "how's it hanging",
        "how's life",
        "how's life been treating you",
        "how's life been treating you?",
        "how's life treating you friend",
        "how's life treating you friend?",
        "how's your day going",
        "how've you been?",
        "howdy",
        "howdy, partner.",
        "hullo",
        "i am from",
        "i am learner from",
        "i belong to",
        "i'm fine and you",
        "is anyone there",
        "is anyone there?",
        "is everything all right",
        "is everything ok?",
        "is everything okay",
        "it's a beautiful day.",
        "it's good to see you",
        "it's good to see you.",
        "it's great to see you!",
        "it's nice to meet you.",
        "it's so nice to hear from you.",
        "ladies and gentlemen",
        "listen",
        "little wave",
        "morning",
        "morning, sweetie",
        "my pm is",
        "namaste",
        "oh hello",
        "oh hello, i didn't see you there before!",
        "oi",
        "online",
        "pgaiml",
        "please help me",
        "rise and shine!",
        "smile",
        "sup",
        "suuuuuuuuuuppp",
        "talking to you for first time",
        "thank you",
        "thanks",
        "thanx",
        "thnx",
        "watchadoing",
        "what a lovely morning!",
        "what about your day",
        "what wonderful weather we're having.",
        "what's going on?",
        "what's good",
        "what's new?",
        "what's up",
        "what's up man",
        "whats up",
        "why hello",
        "yeehaw",
        "yo",
        "yo!",
        "yoohoo"
      ],
      "responses": [
        "Hello there! How can i help?"
      ],
      "tag": "Intro"
    },
    {
      "context_set": "",
      "patterns": [
        "accept my gratitude",
        "all i can say is thanks!",
        "all i can say is thanks",
        "appreciate it",
        "bye",
        "goodbye",
        "how can i show you how grateful i am?",
        "how can i show you how grateful i am",
        "i appreciate it",
        "i appreciate your help",
        "i can't thank you enough",
        "i cannot express my appreciation",
        "i humbly thank you",
        "i thank you",
        "i'll forever be grateful",
        "i'm thankful",
        "many thanks",
        "please accept my deepest thank",
        "see you later",
        "thank you",
        "thank you for helping me",
        "thank you for the help",
        "thank you so much",
        "thank you very much",
        "thanks",
        "thanks a lot",
        "thanks a ton",
        "thanks for everything",
        "thanks for the help",
        "that's helpful",
        "you have my gratitude",
        "appreciate it",
        "awesome",
        "bye bye",
        "c ya",
        "cee you later",
        "cu",
        "cya",
        "good afternoon",
        "good by",
        "good call",
        "good night",
        "goodbye",
        "gracias",
        "great help",
        "have a good day",
        "have a nice day",
        "i am leaving",
        "later",
        "many thanks",
        "nice",
        "see ya",
        "see ya later",
        "see you",
        "see you around",
        "see you later",
        "thank u",
        "thank you",
        "thank you for the help",
        "thanks",
        "thanks a lot",
        "thanks a ton",
        "thanks again",
        "thanks for the help",
        "thanks!",
        "thanx",
        "thnx",
        "thnx a lot",
        "thnx for answering my questions",
        "thnx for the help",
        "thnx for your time",
        "thnx!",
        "too good",
        "you are a good learning buddy",
        "you are the best",
        "you helped me",
        "youre a life saver"
      ],
      "responses": [
        "I hope I was able to assist you, Good Bye"
      ],
      "tag": "Exit"
    },
    {
      "context_set": "",
      "patterns": [
        "olympus",
        "explain olympus",
        "explain olympus working",
        "explain working of olympus",
        "explain how olympus works",
        "explain me how olympus works",
        "i am not able to understand olympus",
        "i dont understand olympus",
        "i do not understand olympus",
        "olympus window not working",
        "no access to olympus",
        "unable to see link in olympus",
        "no link visible on olympus",
        "whom to contact for olympus",
        "lot of problem with olympus",
        "olypus is not a good tool",
        "lot of problems with olympus",
        "lots of problems with olympus",
        "how to use olympus",
        "teach me olympus",
        "bug in olympus",
        "dashboard",
        "explain dashboard",
        "explain dashboard working",
        "explain working of dashboard",
        "explain how dashboard works",
        "explain me how dashboard works",
        "i am not able to understand dashboard",
        "i dont understand dashboard",
        "i do not understand dashboard",
        "dashboard window not working",
        "no access to dashboard",
        "unable to see link in dashboard",
        "no link visible on dashboard",
        "whom to contact for dashboard",
        "lot of problem with dashboard",
        "olypus is not a good tool",
        "lot of problems with dashboard",
        "lots of problems with dashboard",
        "how to use dashboard",
        "teach me dashboard",
        "bug in dashboard",
        "learner dashboard",
        "explain learner dashboard",
        "explain learner dashboard working",
        "explain working of learner dashboard",
        "explain how learner dashboard works",
        "explain me how learner dashboard works",
        "i am not able to understand learner dashboard",
        "i dont understand learner dashboard",
        "i do not understand learner dashboard",
        "learner dashboard window not working",
        "no access to learner dashboard",
        "unable to see link in learner dashboard",
        "no link visible on learner dashboard",
        "whom to contact for learner dashboard",
        "lot of problem with learner dashboard",
        "lots of problems with learner dashboard",
        "olypus is not a good tool",
        "lot of problems with learner dashboard",
        "how to use learner dashboard",
        "teach me learner dashboard",
        "bug in learner dashboard"
      ],
      "responses": [
        "Link: Olympus wiki"
      ],
      "tag": "Olympus"
    },
    {
      "context_set": "",
      "patterns": [
        "explain me how machine learning works",
        "i am not able to understand svm",
        "i am not able to understand naive bayes",
        "i am not able to understand logistic regression",
        "i am not able to understand ensemble techb=niques",
        "i am not able to understand knn",
        "i am not able to understand knn imputer",
        "i am not able to understand cross validation",
        "i am not able to understand boosting",
        "i am not able to understand random forest",
        "i am not able to understand ada boosting",
        "i am not able to understand gradient boosting",
        "explain svm",
        "explain naive bayes",
        "explain logistic regression",
        "explain ensemble techb=niques",
        "explain knn",
        "explain knn imputer",
        "explain cross validation",
        "explain boosting",
        "explain random forest",
        "explain ada boosting",
        "explain gradient boosting",
        "understand svm",
        "understand naive bayes",
        "understand logistic regression",
        "understand ensemble techb=niques",
        "understand knn",
        "understand knn imputer",
        "understand cross validation",
        "understand boosting",
        "understand random forest",
        "understand ada boosting",
        "understand gradient boosting",
        "help svm",
        "help naive bayes",
        "help logistic regression",
        "help ensemble techb=niques",
        "help knn",
        "help knn imputer",
        "help cross validation",
        "help boosting",
        "help random forest",
        "help ada boosting",
        "help gradient boosting",
        "machine learning",
        "machine learning algo",
        "machine learning algorithm",
        "machine learning algorithm wiki",
        "machine learning algorithms wiki",
        "machine learning algorithm help",
        "machine learning algorithms help",
        "ml",
        "ml algo",
        "ml algorithm",
        "ml algorithm wiki",
        "ml algorithms wiki",
        "ml algorithm help",
        "ml algorithms help",
        "sl",
        "sl algo",
        "sl algorithm",
        "sl algorithm wiki",
        "sl algorithms wiki",
        "sl algorithm help",
        "sl algorithms help",
        "supervised learning",
        "supervised vs unsupervised",
        "supervised ml vs unsupervised ml",
        "supervised alogs vs unsupervised algos",
        "supervised learning vs unsupervised learning",
        "supervised learning algo",
        "supervised learning algorithm",
        "supervised learning algorithm wiki",
        "supervised learning algorithms wiki",
        "supervised learning algorithm help",
        "supervised learning algorithms help",
        "bagging",
        "boosting",
        "bagging and boosting",
        "bagging & boosting",
        "knn",
        "lr",
        "linear regression",
        "logistic regression",
        "multiple logistic regression",
        "regression",
        "regression algo",
        "regression task",
        "regression alogrithm",
        "regression alogrithms",
        "regression ml alogrithms",
        "regression machine learning alogrithms",
        "classification",
        "classification algo",
        "classification task",
        "classification alogrithm",
        "classification alogrithms",
        "classification ml alogrithms",
        "classification machine learning alogrithms",
        "naive bayes",
        "nb",
        "ensemble techniques",
        "bagging",
        "boosting",
        "decision tree",
        "rf",
        "random forest",
        "svm",
        "support vector machine",
        "kmeans",
        "kmeans clustering",
        "clustering",
        "unsupervised",
        "unsupervised ml",
        "unsupervised learning",
        "unsupervised algo",
        "unsupervised alg1orithm",
        "unsupervised ml alg1orithm",
        "unsupervised machine learning alg1orithm",
        "ada",
        "ada boost",
        "xgboost",
        "lightgbm",
        "catboost",
        "xgboost algo",
        "ada boosting",
        "adaptive gradient boosting",
        "gradient boosting",
        "dimensionalirty reduction",
        "svd",
        "pca",
        "principal component analysis",
        "hyper parameters",
        "hyper parameter turning"
      ],
      "responses": [
        "Link: Machine Learning wiki "
      ],
      "tag": "SL"
    },
    {
      "context_set": "",
      "patterns": [
        "what is deep learning",
        "dl",
        "explain dl",
        "explain how dl works",
        "deep learning",
        "explain deep learning",
        "explain how deep learning works",
        "unable to understand deep learning",
        "explain me how deep learning works",
        "i am not able to understand deep learning",
        "not able to understand neural nets",
        "very diffult to understand neural nets",
        "unable to understand neural nets",
        "ann",
        "artificial intelligence",
        "artificial neural networks",
        "neural net",
        "feed forward networks",
        "forward prop",
        "forward propagation",
        "backprop",
        "backward propagation",
        "explain backward propagation",
        "help backward propagation",
        "weights",
        "activation function",
        "hidden layers",
        "softmax",
        "sigmoid",
        "tanh",
        "relu",
        "adaptive gradient descent",
        "rmsprop",
        "gradient descent",
        "gradient descent with momentum",
        "stochastic gradient descent",
        "otimizer",
        "forward propagation",
        "backward propagation",
        "epochs",
        "epoch",
        "train",
        "how to train",
        "how to test",
        "how to evaluate",
        "how to train nn",
        "how to test nn",
        "how to evaluate nn",
        "how to train neural net",
        "how to evaluate neural net",
        "how to test neural net",
        "training",
        "what is an epoch",
        "adam",
        "sgd",
        "explainability",
        "rnn",
        "recurrant neural net",
        "recurrant neural network",
        "lstm",
        "long short term memory",
        "long short term memory net",
        "long short term memory network",
        "cnn",
        "convolutional neural network",
        "cv",
        "computer vision",
        "face recogntion",
        "face detection",
        "text to speech",
        "gpu training",
        "ner",
        "named entity recognition",
        "speech recogntion",
        "nlp",
        "natural language processing",
        "bert",
        "albert",
        "xlnet",
        "imagenet",
        "image net",
        "yolo",
        "yolov2",
        "yolov3",
        "attention",
        "all you need is attention",
        "transformer models",
        "gan models",
        "gan",
        "general adverserial nets",
        "general adverserial networks"
      ],
      "responses": [
        "Link: Neural Nets wiki"
      ],
      "tag": "NN"
    },
    {
      "context_set": "",
      "patterns": [
        "what is your name",
        "whats your name",
        "what should i call you",
        "who are you",
        "what are you",
        "why are you",
        "who u",
        "who r u",
        "name",
        "are you a person",
        "are you a bot",
        "are you a bot or person",
        "robot",
        "bot",
        "name please",
        "when are your hours of opertions",
        "what are your working hours",
        "hours of operation",
        "working hours",
        "hours"
      ],
      "responses": [
        "I am your virtual learning assistant"
      ],
      "tag": "Bot"
    },
    {
      "context_set": "",
      "patterns": [
        "what the hell",
        "bloody stupid bot",
        "do you think you are very smart",
        "screw you",
        "i hate you",
        "you are stupid",
        "shit",
        "piss",
        "jerk",
        "you are a joke",
        "useless piece of shit"
      ],
      "responses": [
        "Kindly use respectful words"
      ],
      "tag": "Profane"
    },
    {
      "context_set": "",
      "patterns": [
        "my problem is not solved",
        "you did not help me",
        "not a good solution",
        "bad solution",
        "not good solution",
        "no help",
        "wasted my time",
        "such a waster",
        "not resolved",
        "you did not resolve",
        "you did not resolve my problem",
        "unsatisfactory",
        "can you even understand me",
        "unsatisfactory solution",
        "useless bot",
        "create a ticket",
        "not satisfied",
        "more help required",
        "connect to human",
        "connect to person",
        "connect me to human",
        "connect me to an actual human",
        "connect me to an actual person",
        "talk to human",
        "talk to customer suppport",
        "talk to customer suppport exec",
        "talk to customer suppport executive"
      ],
      "responses": [
        "Tarnsferring the request to your PM"
      ],
      "tag": "Ticket"
    }
  ]
}
